-- phpMyAdmin SQL Dump
-- version 4.4.3
-- http://www.phpmyadmin.net
--
-- Client :  localhost
-- G√©n√©r√© le :  Mar 24 Novembre 2015 √† 09:50
-- Version du serveur :  5.6.24
-- Version de PHP :  5.6.8

SET SQL_MODE = "NO_AUTO_VALUE_ON_ZERO";
SET time_zone = "+00:00";


/*!40101 SET @OLD_CHARACTER_SET_CLIENT=@@CHARACTER_SET_CLIENT */;
/*!40101 SET @OLD_CHARACTER_SET_RESULTS=@@CHARACTER_SET_RESULTS */;
/*!40101 SET @OLD_COLLATION_CONNECTION=@@COLLATION_CONNECTION */;
/*!40101 SET NAMES utf8 */;

--
-- Base de donn√©es :  `thyp_cartogame`
--

-- --------------------------------------------------------

--
-- Structure de la table `documents`
--

CREATE TABLE IF NOT EXISTS `documents` (
  `id_doc` int(11) NOT NULL,
  `nom` varchar(255) DEFAULT NULL,
  `latlng` point DEFAULT NULL,
  `url` varchar(2048) DEFAULT NULL
) ENGINE=InnoDB AUTO_INCREMENT=4 DEFAULT CHARSET=latin1;

--
-- Contenu de la table `documents`
--

INSERT INTO `documents` (`id_doc`, `nom`, `latlng`, `url`) VALUES
(1, 'tour eiffel', '\0\0\0\0\0\0\0”.¶ôÓmH@Ú[t≤‘Z@', 'doc1.png'),
(2, 'notre dame de paris', '\0\0\0\0\0\0\0ÀLi˝-mH@†pvkôÃ@', 'doc3.png'),
(3, 'sacre coeur', '\0\0\0\0\0\0\0sñ£}qH@BÓ"LQæ@', 'doc2.png');

-- --------------------------------------------------------

--
-- Structure de la table `personnes`
--

CREATE TABLE IF NOT EXISTS `personnes` (
  `id_perso` int(11) NOT NULL,
  `nom` varchar(45) DEFAULT NULL
) ENGINE=InnoDB AUTO_INCREMENT=109 DEFAULT CHARSET=latin1;

--
-- Contenu de la table `personnes`
--

INSERT INTO `personnes` (`id_perso`, `nom`) VALUES
(104, 'abdel'),
(105, ''),
(106, 'bast'),
(107, 'abdou'),
(108, 'samszo');

-- --------------------------------------------------------

--
-- Structure de la table `scores`
--

CREATE TABLE IF NOT EXISTS `scores` (
  `id_scores` int(11) NOT NULL,
  `id_perso` int(11) NOT NULL,
  `id_doc` int(11) NOT NULL,
  `distance` int(11) DEFAULT NULL,
  `maj` datetime DEFAULT NULL
) ENGINE=InnoDB AUTO_INCREMENT=559 DEFAULT CHARSET=latin1;

--
-- Contenu de la table `scores`
--

INSERT INTO `scores` (`id_scores`, `id_perso`, `id_doc`, `distance`, `maj`) VALUES
(1, 1, 1, 1, '2015-11-13 20:26:04'),
(2, 1, 1, 1, '2015-11-13 20:47:08'),
(3, 1, 1, 1, '2015-11-13 21:01:38'),
(4, 1, 1, 1, '2015-11-13 21:01:41'),
(5, 2, 2, 214786, '2015-11-13 21:11:57'),
(6, 2, 2, 240345, '2015-11-13 21:11:59'),
(7, 2, 2, 79796, '2015-11-13 21:12:01'),
(8, 2, 2, 243204, '2015-11-13 21:13:31'),
(9, 2, 2, 249620, '2015-11-13 21:13:33'),
(10, 2, 2, 110191, '2015-11-13 21:13:34'),
(11, 2, 2, 113311, '2015-11-13 21:13:37'),
(12, 2, 2, 445478, '2015-11-13 21:13:39'),
(13, 2, 2, 268732, '2015-11-13 21:13:40'),
(14, 2, 2, 348, '2015-11-13 21:14:54'),
(15, 2, 2, 390, '2015-11-13 21:14:56'),
(16, 2, 2, 339, '2015-11-13 21:14:57'),
(17, 2, 2, 155, '2015-11-13 21:14:58'),
(18, 2, 2, 291, '2015-11-13 21:14:59'),
(19, 2, 2, 104, '2015-11-13 21:15:42'),
(20, 2, 2, 227, '2015-11-13 21:15:43'),
(21, 2, 2, 220196, '2015-11-13 21:19:21'),
(22, 2, 2, 340268, '2015-11-13 21:19:22'),
(23, 2, 2, 360813, '2015-11-13 21:19:23'),
(24, 2, 2, 351120, '2015-11-13 21:19:43'),
(25, 2, 2, 259945, '2015-11-13 21:19:44'),
(26, 2, 2, 423216, '2015-11-13 21:19:44'),
(27, 2, 2, 186, '2015-11-13 21:21:30'),
(28, 2, 2, 171, '2015-11-13 21:21:32'),
(29, 2, 2, 125, '2015-11-13 21:21:35'),
(30, 2, 2, 457, '2015-11-13 21:21:36'),
(31, 2, 2, 195, '2015-11-13 21:21:39'),
(32, 2, 2, 221, '2015-11-13 21:23:48'),
(33, 2, 2, 229, '2015-11-13 21:23:51'),
(34, 2, 2, 180, '2015-11-13 21:23:53'),
(35, 2, 2, 113, '2015-11-13 21:23:55'),
(36, 2, 2, 202, '2015-11-13 21:23:56'),
(37, 2, 2, 225581, '2015-11-13 21:36:31'),
(38, 2, 2, 267109, '2015-11-13 21:36:33'),
(39, 2, 2, 194353, '2015-11-13 21:38:59'),
(40, 2, 2, 248440, '2015-11-13 21:39:00'),
(41, 2, 2, 225111, '2015-11-13 21:39:01'),
(42, 2, 2, 320280, '2015-11-13 21:39:01'),
(43, 2, 2, 288032, '2015-11-13 21:39:02'),
(44, 2, 2, 584331, '2015-11-13 21:39:02'),
(45, 2, 2, 2604, '2015-11-13 21:39:06'),
(46, 2, 2, 12257, '2015-11-13 21:39:10'),
(47, 2, 2, 153895, '2015-11-13 21:39:13'),
(48, 2, 2, 5814, '2015-11-13 21:39:14'),
(49, 2, 2, 11279, '2015-11-13 21:40:24'),
(50, 2, 2, 3885, '2015-11-13 21:40:26'),
(51, 2, 2, 1218940, '2015-11-13 21:51:00'),
(52, 2, 2, 498253, '2015-11-13 21:51:02'),
(53, 2, 2, 511088, '2015-11-13 21:51:03'),
(54, 2, 2, 220456, '2015-11-13 21:51:04'),
(55, 2, 2, 405522, '2015-11-13 21:51:05'),
(56, 2, 2, 128832, '2015-11-13 21:51:06'),
(57, 2, 2, 181233, '2015-11-13 21:51:07'),
(58, 2, 2, 270603, '2015-11-13 21:51:08'),
(59, 2, 2, 192575, '2015-11-13 21:51:09'),
(60, 2, 2, 147961, '2015-11-13 21:51:10'),
(61, 2, 2, 325028, '2015-11-13 21:51:10'),
(62, 2, 2, 262032, '2015-11-13 21:51:11'),
(63, 2, 2, 142461, '2015-11-13 21:51:12'),
(64, 2, 2, 106233, '2015-11-13 21:51:13'),
(65, 2, 2, 19041, '2015-11-13 21:51:14'),
(66, 2, 2, 35666, '2015-11-13 21:51:18'),
(67, 2, 2, 24108, '2015-11-13 21:51:21'),
(68, 2, 2, 10910, '2015-11-13 21:51:22'),
(69, 2, 2, 6490, '2015-11-13 21:51:24'),
(70, 2, 2, 115335, '2015-11-13 22:00:03'),
(71, 2, 2, 151134, '2015-11-13 22:00:04'),
(72, 2, 2, 4843, '2015-11-13 22:00:05'),
(73, 2, 2, 141172, '2015-11-15 13:56:01'),
(74, 2, 2, 219481, '2015-11-15 13:56:02'),
(75, 2, 2, 658, '2015-11-15 13:56:06'),
(76, 2, 2, 85649, '2015-11-15 15:15:27'),
(77, 2, 2, 185709, '2015-11-15 15:15:28'),
(78, 2, 2, 181957, '2015-11-15 15:15:29'),
(79, 2, 2, 763680, '2015-11-15 15:18:49'),
(80, 2, 2, 891462, '2015-11-16 14:48:41'),
(81, 2, 2, 898433, '2015-11-16 14:48:42'),
(82, 2, 2, 554757, '2015-11-16 14:50:59'),
(83, 2, 2, 1185943, '2015-11-16 14:51:11'),
(84, 2, 2, 187872, '2015-11-16 14:51:12'),
(85, 2, 2, 639831, '2015-11-16 14:51:13'),
(86, 2, 2, 722537, '2015-11-16 14:51:15'),
(87, 2, 2, 699096, '2015-11-16 14:51:16'),
(88, 2, 2, 661584, '2015-11-16 14:51:18'),
(89, 2, 2, 1373870, '2015-11-16 16:27:25'),
(90, 2, 2, 1375005, '2015-11-16 16:27:25'),
(91, 2, 2, 1375005, '2015-11-16 16:27:26'),
(92, 2, 2, 1375005, '2015-11-16 16:27:26'),
(93, 2, 2, 1375990, '2015-11-16 16:27:27'),
(94, 2, 2, 931479, '2015-11-16 16:32:14'),
(95, 2, 2, 116272, '2015-11-16 16:33:18'),
(96, 2, 2, 258064, '2015-11-16 16:33:19'),
(97, 2, 2, 322647, '2015-11-16 16:33:19'),
(98, 2, 2, 208297, '2015-11-16 16:33:21'),
(99, 2, 2, 186507, '2015-11-16 16:35:24'),
(100, 2, 2, 186507, '2015-11-16 16:35:25'),
(101, 2, 2, 186507, '2015-11-16 16:35:25'),
(102, 2, 2, 185832, '2015-11-16 16:35:26'),
(103, 2, 2, 185832, '2015-11-16 16:35:26'),
(104, 2, 2, 1625, '2015-11-16 16:35:30'),
(105, 2, 2, 140211, '2015-11-16 17:07:12'),
(106, 2, 2, 38142, '2015-11-16 17:07:12'),
(107, 2, 2, 161230, '2015-11-16 17:07:13'),
(108, 2, 2, 215473, '2015-11-16 17:07:19'),
(109, 2, 2, 219421, '2015-11-16 17:07:26'),
(110, 2, 2, 44608, '2015-11-16 23:32:05'),
(111, 2, 2, 143873, '2015-11-16 23:32:07'),
(112, 2, 2, 3745427, '2015-11-16 23:33:04'),
(113, 2, 2, 3745427, '2015-11-16 23:33:05'),
(114, 2, 2, 3745427, '2015-11-16 23:33:05'),
(115, 2, 2, 3812894, '2015-11-16 23:33:06'),
(116, 1, 1, 1, '2015-11-17 00:46:34'),
(117, 1, 1, 1, '2015-11-17 00:46:54'),
(118, 1, 1, 1, '2015-11-17 01:32:24'),
(119, 2, 2, 161695, '2015-11-17 02:35:42'),
(120, 2, 2, 5879760, '2015-11-17 02:48:47'),
(121, 1, 1, 1, '2015-11-17 03:16:37'),
(122, 1, 1, 1, '2015-11-17 03:16:41'),
(123, 1, 1, 1, '2015-11-17 03:19:32'),
(124, 1, 1, 1, '2015-11-17 03:20:37'),
(125, 1, 1, 1, '2015-11-17 03:20:40'),
(126, 1, 1, 1, '2015-11-17 03:20:52'),
(127, 1, 1, 1, '2015-11-17 03:20:56'),
(128, 1, 1, 1, '2015-11-17 03:21:33'),
(129, 1, 1, 1, '2015-11-17 03:24:14'),
(130, 1, 1, 1, '2015-11-17 03:24:32'),
(131, 2, 2, 7041655, '2015-11-17 04:23:41'),
(132, 2, 2, 252101, '2015-11-17 04:23:43'),
(133, 2, 2, 193069, '2015-11-17 04:23:44'),
(134, 2, 2, 283815, '2015-11-17 04:23:45'),
(135, 2, 2, 9697, '2015-11-17 16:44:03'),
(136, 2, 2, 7414, '2015-11-17 16:44:06'),
(137, 2, 2, 12389, '2015-11-17 16:44:08'),
(138, 2, 2, 2551, '2015-11-17 16:44:14'),
(139, 2, 2, 486, '2015-11-17 16:44:16'),
(140, 2, 2, 4256, '2015-11-17 16:44:18'),
(141, 2, 2, 7093, '2015-11-17 16:44:20'),
(142, 2, 2, 6743, '2015-11-17 16:44:22'),
(143, 2, 2, 5260, '2015-11-17 16:44:25'),
(144, 2, 2, 4542, '2015-11-17 16:44:27'),
(145, 2, 2, 4586, '2015-11-17 16:44:29'),
(146, 2, 2, 14008, '2015-11-17 16:44:31'),
(147, 2, 2, 47351, '2015-11-17 16:44:32'),
(148, 2, 2, 1435188, '2015-11-17 16:44:39'),
(149, 2, 2, 1370412, '2015-11-17 16:44:45'),
(150, 2, 2, 790108, '2015-11-19 17:08:59'),
(151, 2, 2, 3069306, '2015-11-19 17:09:50'),
(152, 2, 2, 1716435, '2015-11-19 17:09:56'),
(153, 2, 2, 2368297, '2015-11-19 17:10:35'),
(154, 2, 2, 1991429, '2015-11-19 17:11:31'),
(155, 2, 2, 1569539, '2015-11-19 17:13:14'),
(156, 2, 2, 4706128, '2015-11-19 17:15:55'),
(157, 2, 2, 2074835, '2015-11-19 17:16:02'),
(158, 2, 2, 2692213, '2015-11-19 17:16:11'),
(159, 2, 2, 2526054, '2015-11-19 17:17:07'),
(160, 2, 2, 1437988, '2015-11-19 17:18:47'),
(161, 2, 2, 2712224, '2015-11-19 17:19:09'),
(162, 2, 2, 2892185, '2015-11-19 17:20:41'),
(163, 2, 2, 2574406, '2015-11-19 17:20:44'),
(164, 2, 2, 1729598, '2015-11-19 17:20:46'),
(165, 2, 2, 2371749, '2015-11-19 17:20:46'),
(166, 2, 2, 1732248, '2015-11-19 17:20:46'),
(167, 2, 2, 2277593, '2015-11-19 17:20:46'),
(168, 2, 2, 583507, '2015-11-19 17:35:45'),
(169, 2, 2, 568143, '2015-11-19 17:53:18'),
(170, 2, 2, 1044097, '2015-11-19 17:53:22'),
(171, 2, 2, 422037, '2015-11-19 17:53:23'),
(172, 2, 2, 410327, '2015-11-19 17:53:24'),
(173, 2, 2, 836533, '2015-11-19 17:53:25'),
(174, 2, 2, 1034519, '2015-11-19 18:53:33'),
(175, 2, 2, 4312279, '2015-11-19 18:53:36'),
(176, 2, 2, 3328481, '2015-11-19 18:53:38'),
(177, 2, 2, 811979, '2015-11-19 18:53:40'),
(178, 2, 2, 1545671, '2015-11-19 18:54:32'),
(179, 2, 2, 2064381, '2015-11-19 18:54:34'),
(180, 2, 2, 2760088, '2015-11-19 18:54:35'),
(181, 2, 2, 1041932, '2015-11-19 18:54:36'),
(182, 2, 2, 3731798, '2015-11-19 18:54:37'),
(183, 2, 2, 2777226, '2015-11-19 18:54:39'),
(184, 2, 2, 3933361, '2015-11-19 18:54:44'),
(185, 2, 2, 2401607, '2015-11-19 18:54:46'),
(186, 2, 2, 795671, '2015-11-19 18:54:47'),
(187, 2, 2, 1746064, '2015-11-19 18:54:48'),
(188, 2, 2, 1550724, '2015-11-19 18:54:48'),
(189, 2, 2, 3135596, '2015-11-19 19:08:53'),
(190, 2, 2, 3101908, '2015-11-19 19:08:54'),
(191, 2, 2, 2201710, '2015-11-19 19:08:55'),
(192, 2, 2, 5169593, '2015-11-19 19:08:56'),
(193, 2, 2, 5154754, '2015-11-19 19:08:59'),
(194, 2, 2, 4286813, '2015-11-19 19:09:10'),
(195, 2, 2, 4907342, '2015-11-19 19:09:11'),
(196, 2, 2, 2528658, '2015-11-19 19:09:12'),
(197, 2, 2, 4553041, '2015-11-19 19:09:13'),
(198, 2, 2, 4865814, '2015-11-19 19:09:14'),
(199, 2, 2, 3031634, '2015-11-19 19:09:50'),
(200, 2, 2, 3031634, '2015-11-19 19:09:51'),
(201, 2, 2, 3031634, '2015-11-19 19:09:51'),
(202, 2, 2, 3035024, '2015-11-19 19:09:51'),
(203, 2, 2, 3035024, '2015-11-19 19:09:52'),
(204, 2, 2, 654741, '2015-11-19 19:18:45'),
(205, 2, 2, 1211672, '2015-11-19 19:18:47'),
(206, 2, 2, 3295595, '2015-11-19 19:18:48'),
(207, 2, 2, 2179843, '2015-11-19 19:18:49'),
(208, 2, 2, 4362710, '2015-11-19 19:18:49'),
(209, 2, 2, 3043387, '2015-11-19 19:18:50'),
(210, 2, 2, 3418867, '2015-11-19 19:18:52'),
(211, 2, 2, 4768157, '2015-11-19 19:19:05'),
(212, 2, 2, 3547085, '2015-11-19 19:19:06'),
(213, 2, 2, 2945631, '2015-11-19 19:19:07'),
(214, 2, 2, 1695372, '2015-11-19 19:19:08'),
(215, 2, 2, 1265734, '2015-11-19 19:19:09'),
(216, 2, 2, 949482, '2015-11-19 19:19:13'),
(217, 2, 2, 949482, '2015-11-19 19:19:14'),
(218, 2, 2, 951740, '2015-11-19 19:19:15'),
(219, 2, 2, 951740, '2015-11-19 19:19:16'),
(220, 2, 2, 951740, '2015-11-19 19:19:16'),
(221, 2, 2, 3719731, '2015-11-19 19:21:24'),
(222, 2, 2, 2394822, '2015-11-19 19:21:26'),
(223, 2, 2, 3494025, '2015-11-19 19:21:27'),
(224, 2, 2, 5722741, '2015-11-19 19:21:28'),
(225, 2, 2, 2751856, '2015-11-19 19:21:29'),
(226, 2, 2, 4311477, '2015-11-19 19:21:30'),
(227, 2, 2, 2212940, '2015-11-19 19:21:37'),
(228, 2, 2, 1637399, '2015-11-19 19:21:38'),
(229, 2, 2, 3449372, '2015-11-19 19:21:38'),
(230, 2, 2, 2411015, '2015-11-19 19:21:39'),
(231, 2, 2, 14775, '2015-11-19 19:21:44'),
(232, 2, 2, 18095, '2015-11-19 19:21:46'),
(233, 2, 2, 12476, '2015-11-19 19:21:47'),
(234, 2, 2, 26864, '2015-11-19 19:21:48'),
(235, 2, 2, 38025, '2015-11-19 19:21:49'),
(236, 2, 2, 4872, '2015-11-19 19:21:56'),
(237, 2, 2, 89585, '2015-11-19 19:21:58'),
(238, 2, 2, 4024913, '2015-11-19 19:22:21'),
(239, 2, 2, 6707429, '2015-11-19 19:22:21'),
(240, 2, 2, 2436984, '2015-11-19 19:22:22'),
(241, 2, 2, 5717621, '2015-11-19 19:22:23'),
(242, 2, 2, 3086410, '2015-11-19 19:22:24'),
(243, 2, 2, 5023635, '2015-11-19 19:22:24'),
(244, 2, 2, 2787113, '2015-11-19 19:24:40'),
(245, 2, 2, 4008940, '2015-11-19 19:24:41'),
(246, 2, 2, 4009832, '2015-11-19 19:24:41'),
(247, 2, 2, 6174324, '2015-11-19 19:24:42'),
(248, 2, 2, 4943714, '2015-11-19 19:24:43'),
(249, 2, 2, 4435746, '2015-11-19 19:24:49'),
(250, 2, 2, 2166470, '2015-11-19 19:24:50'),
(251, 2, 2, 4267152, '2015-11-19 19:24:50'),
(252, 2, 2, 6582108, '2015-11-19 19:24:51'),
(253, 2, 2, 3245196, '2015-11-19 19:24:51'),
(254, 2, 2, 790040, '2015-11-19 19:26:09'),
(255, 2, 2, 4869008, '2015-11-19 19:26:10'),
(256, 2, 2, 2059158, '2015-11-19 19:26:11'),
(257, 2, 2, 4307067, '2015-11-19 19:26:12'),
(258, 2, 2, 2513301, '2015-11-19 19:26:13'),
(259, 2, 2, 1237989, '2015-11-19 19:26:21'),
(260, 2, 2, 4749906, '2015-11-19 19:26:22'),
(261, 2, 2, 2578751, '2015-11-19 19:26:23'),
(262, 2, 2, 1213313, '2015-11-19 19:26:23'),
(263, 2, 2, 5458523, '2015-11-19 19:26:24'),
(264, 2, 2, 1883431, '2015-11-19 19:26:43'),
(265, 2, 2, 3444279, '2015-11-19 19:26:44'),
(266, 2, 2, 5240819, '2015-11-19 19:26:44'),
(267, 2, 2, 5562510, '2015-11-19 19:26:45'),
(268, 2, 2, 1029953, '2015-11-19 19:26:45'),
(269, 2, 2, 1194355, '2015-11-19 19:26:47'),
(270, 2, 2, 1935931, '2015-11-19 19:26:47'),
(271, 2, 2, 4587380, '2015-11-19 19:26:48'),
(272, 2, 2, 4105126, '2015-11-19 19:26:48'),
(273, 2, 2, 4130127, '2015-11-19 19:26:49'),
(274, 2, 2, 2738600, '2015-11-19 19:27:08'),
(275, 2, 2, 3579775, '2015-11-19 19:27:09'),
(276, 2, 2, 1435900, '2015-11-19 19:27:09'),
(277, 2, 2, 4447554, '2015-11-19 19:27:10'),
(278, 2, 2, 4813320, '2015-11-19 19:27:11'),
(279, 2, 3, 3255995, '2015-11-19 19:31:37'),
(280, 2, 3, 5136900, '2015-11-19 19:31:38'),
(281, 2, 3, 6076926, '2015-11-19 19:31:39'),
(282, 2, 3, 4208986, '2015-11-19 19:31:39'),
(283, 2, 3, 4208986, '2015-11-19 19:31:40'),
(284, 2, 2, 3047810, '2015-11-19 19:31:41'),
(285, 2, 2, 3760898, '2015-11-19 19:31:42'),
(286, 2, 2, 3420809, '2015-11-19 19:31:43'),
(287, 2, 2, 1691983, '2015-11-19 19:31:44'),
(288, 2, 2, 2814455, '2015-11-19 19:31:44'),
(289, 2, 3, 107017, '2015-11-20 17:12:30'),
(290, 2, 3, 76538, '2015-11-20 17:12:31'),
(291, 2, 3, 106905, '2015-11-20 17:12:33'),
(292, 2, 3, 2196710, '2015-11-20 17:12:34'),
(293, 2, 3, 240413, '2015-11-20 17:12:36'),
(294, 2, 1, 3680902, '2015-11-20 17:12:44'),
(295, 2, 1, 3479058, '2015-11-20 17:12:45'),
(296, 2, 1, 1775180, '2015-11-20 17:12:46'),
(297, 2, 1, 1982284, '2015-11-20 17:12:46'),
(298, 2, 1, 5018092, '2015-11-20 17:12:47'),
(299, 2, 2, 2289321, '2015-11-20 17:12:50'),
(300, 2, 2, 3850618, '2015-11-20 17:12:51'),
(301, 2, 2, 4442663, '2015-11-20 17:12:51'),
(302, 2, 2, 1802644, '2015-11-20 17:12:52'),
(303, 2, 2, 1858735, '2015-11-20 17:12:53'),
(304, 2, 2, 6165673, '2015-11-20 17:56:16'),
(305, 1, 3, 48619, '2015-11-20 17:59:06'),
(306, 1, 3, 96030, '2015-11-20 17:59:07'),
(307, 1, 3, 55869, '2015-11-20 17:59:09'),
(308, 1, 3, 89925, '2015-11-20 17:59:10'),
(309, 1, 3, 49629, '2015-11-20 17:59:12'),
(310, 1, 2, 3693191, '2015-11-20 17:59:15'),
(311, 1, 2, 338185, '2015-11-20 17:59:18'),
(312, 1, 2, 256393, '2015-11-20 17:59:20'),
(313, 1, 2, 470183, '2015-11-20 17:59:21'),
(314, 1, 2, 393659, '2015-11-20 17:59:22'),
(315, 1, 1, 3814769, '2015-11-20 17:59:24'),
(316, 1, 1, 1010534, '2015-11-20 17:59:28'),
(317, 1, 1, 9757, '2015-11-20 17:59:35'),
(318, 1, 1, 15990, '2015-11-20 17:59:37'),
(319, 1, 1, 16100, '2015-11-20 17:59:38'),
(320, 65, 1, 1915175, '2015-11-20 18:42:17'),
(321, 65, 1, 3688940, '2015-11-20 18:42:17'),
(322, 65, 1, 1044848, '2015-11-20 18:42:18'),
(323, 65, 1, 2910472, '2015-11-20 18:42:18'),
(324, 65, 1, 6137560, '2015-11-20 18:42:19'),
(325, 48, 3, 1103298, '2015-11-20 18:48:17'),
(326, 48, 3, 1103298, '2015-11-20 18:48:17'),
(327, 48, 3, 1103297, '2015-11-20 18:48:18'),
(328, 48, 3, 1113591, '2015-11-20 18:48:23'),
(329, 48, 3, 1110401, '2015-11-20 18:48:25'),
(330, 48, 1, 5577, '2015-11-20 18:48:39'),
(331, 48, 2, 5848395, '2015-11-20 18:48:45'),
(332, 48, 2, 5851005, '2015-11-20 19:03:34'),
(333, 48, 2, 5845570, '2015-11-20 19:03:36'),
(334, 48, 2, 5851252, '2015-11-20 19:03:37'),
(335, 48, 1, 4366, '2015-11-20 19:10:42'),
(336, 48, 2, 3099, '2015-11-20 19:10:44'),
(337, 48, 3, 3048, '2015-11-20 19:10:45'),
(338, 48, 2, 3361, '2015-11-20 19:14:35'),
(339, 48, 2, 3811, '2015-11-20 19:14:48'),
(340, 48, 2, 3700, '2015-11-20 19:14:50'),
(341, 48, 2, 3703, '2015-11-20 19:14:53'),
(342, 48, 1, 4118, '2015-11-20 19:15:21'),
(343, 48, 1, 6624, '2015-11-20 19:15:23'),
(344, 48, 1, 645, '2015-11-20 19:15:37'),
(345, 48, 1, 4441, '2015-11-20 19:15:48'),
(346, 48, 1, 1365, '2015-11-20 19:15:50'),
(347, 48, 3, 3556, '2015-11-20 19:15:54'),
(348, 48, 3, 3716, '2015-11-20 19:15:56'),
(349, 48, 3, 6092, '2015-11-20 19:15:57'),
(350, 1, 3, 473, '2015-11-20 19:17:09'),
(351, 1, 3, 1987, '2015-11-20 19:17:15'),
(352, 1, 3, 2055, '2015-11-20 19:17:16'),
(353, 1, 3, 2059, '2015-11-20 19:17:17'),
(354, 1, 3, 1885, '2015-11-20 19:17:23'),
(355, 1, 2, 1890, '2015-11-20 19:17:47'),
(356, 1, 2, 1585, '2015-11-20 19:17:52'),
(357, 1, 2, 1043, '2015-11-20 19:17:56'),
(358, 1, 2, 978, '2015-11-20 19:18:00'),
(359, 1, 2, 1106, '2015-11-20 19:18:02'),
(360, 1, 1, 7883, '2015-11-20 19:18:04'),
(361, 1, 1, 3880, '2015-11-20 19:18:05'),
(362, 1, 1, 6381, '2015-11-20 19:18:06'),
(363, 1, 1, 2259, '2015-11-20 19:18:06'),
(364, 1, 1, 802, '2015-11-20 19:18:07'),
(365, 81, 2, 2225, '2015-11-20 19:21:09'),
(366, 81, 2, 2610, '2015-11-20 19:21:15'),
(367, 81, 2, 3309, '2015-11-20 19:21:23'),
(368, 81, 2, 4818, '2015-11-20 19:21:25'),
(369, 81, 2, 1514, '2015-11-20 19:21:37'),
(370, 81, 1, 3102, '2015-11-20 19:21:44'),
(371, 81, 1, 1909, '2015-11-20 19:21:47'),
(372, 81, 1, 252, '2015-11-20 19:21:51'),
(373, 81, 1, 212, '2015-11-20 19:21:57'),
(374, 81, 1, 151, '2015-11-20 19:21:59'),
(375, 81, 3, 3080, '2015-11-20 19:22:02'),
(376, 81, 3, 5418, '2015-11-20 19:22:03'),
(377, 81, 3, 79, '2015-11-20 19:22:04'),
(378, 81, 3, 38, '2015-11-20 19:22:07'),
(379, 82, 3, 3099, '2015-11-20 19:22:19'),
(380, 82, 3, 2842, '2015-11-20 19:22:20'),
(381, 82, 3, 4225, '2015-11-20 19:22:23'),
(382, 82, 3, 4520, '2015-11-20 19:22:25'),
(383, 82, 3, 4413, '2015-11-20 19:22:25'),
(384, 82, 1, 2440, '2015-11-20 19:22:26'),
(385, 82, 1, 7327, '2015-11-20 19:22:27'),
(386, 82, 1, 6070, '2015-11-20 19:22:27'),
(387, 82, 1, 2965, '2015-11-20 19:22:28'),
(388, 82, 1, 3506, '2015-11-20 19:22:28'),
(389, 82, 2, 4596, '2015-11-20 19:22:29'),
(390, 82, 2, 1754, '2015-11-20 19:22:30'),
(391, 82, 2, 1403, '2015-11-20 19:22:30'),
(392, 82, 2, 2444, '2015-11-20 19:22:32'),
(393, 82, 2, 2940, '2015-11-20 19:22:33'),
(394, 82, 3, 4552, '2015-11-20 19:29:41'),
(395, 82, 3, 4062, '2015-11-20 19:29:42'),
(396, 82, 3, 5052, '2015-11-20 19:29:43'),
(397, 82, 3, 447, '2015-11-20 19:29:44'),
(398, 82, 3, 3514, '2015-11-20 19:29:44'),
(399, 82, 2, 461, '2015-11-20 19:29:45'),
(400, 82, 2, 2512, '2015-11-20 19:29:46'),
(401, 82, 2, 2794, '2015-11-20 19:29:46'),
(402, 82, 2, 3773, '2015-11-20 19:29:47'),
(403, 82, 2, 4595, '2015-11-20 19:29:48'),
(404, 82, 1, 4207, '2015-11-20 19:29:49'),
(405, 82, 1, 1412, '2015-11-20 19:29:50'),
(406, 82, 1, 6273, '2015-11-20 19:29:51'),
(407, 82, 1, 4779, '2015-11-20 19:29:52'),
(408, 82, 1, 6381, '2015-11-20 19:29:53'),
(409, 85, 3, 3393, '2015-11-20 19:31:29'),
(410, 85, 3, 2572, '2015-11-20 19:31:30'),
(411, 85, 3, 2690, '2015-11-20 19:31:30'),
(412, 85, 3, 2388, '2015-11-20 19:31:31'),
(413, 85, 3, 3102, '2015-11-20 19:31:32'),
(414, 85, 1, 1952, '2015-11-20 19:31:33'),
(415, 85, 1, 1952, '2015-11-20 19:31:33'),
(416, 85, 1, 1911, '2015-11-20 19:31:34'),
(417, 85, 1, 1917, '2015-11-20 19:31:34'),
(418, 85, 1, 1906, '2015-11-20 19:31:35'),
(419, 85, 2, 3508, '2015-11-20 19:31:39'),
(420, 85, 2, 4436, '2015-11-20 19:31:39'),
(421, 85, 2, 4461, '2015-11-20 19:31:40'),
(422, 85, 2, 4170, '2015-11-20 19:31:40'),
(423, 85, 2, 4189, '2015-11-20 19:31:41'),
(424, 86, 1, 5182, '2015-11-20 19:56:46'),
(425, 86, 1, 7411, '2015-11-20 19:56:47'),
(426, 86, 1, 3939, '2015-11-20 19:56:47'),
(427, 86, 1, 3328, '2015-11-20 19:56:48'),
(428, 86, 1, 7491, '2015-11-20 19:56:48'),
(429, 86, 2, 5067, '2015-11-20 19:56:49'),
(430, 86, 2, 3455, '2015-11-20 19:56:50'),
(431, 86, 2, 1736, '2015-11-20 19:56:51'),
(432, 86, 2, 1662, '2015-11-20 19:56:51'),
(433, 86, 2, 2441, '2015-11-20 19:56:52'),
(434, 86, 3, 4966, '2015-11-20 19:56:53'),
(435, 86, 3, 3838, '2015-11-20 19:56:56'),
(436, 86, 3, 4588, '2015-11-20 19:56:57'),
(437, 86, 3, 3121, '2015-11-20 19:56:57'),
(438, 86, 3, 2844, '2015-11-20 19:56:58'),
(439, 86, 3, 3942, '2015-11-20 19:58:16'),
(440, 86, 3, 2133, '2015-11-20 19:58:17'),
(441, 86, 3, 2933, '2015-11-20 19:58:17'),
(442, 86, 3, 4486, '2015-11-20 19:58:18'),
(443, 86, 3, 4440, '2015-11-20 19:58:19'),
(444, 86, 2, 869, '2015-11-20 19:58:19'),
(445, 86, 2, 2493, '2015-11-20 19:58:20'),
(446, 86, 2, 2017, '2015-11-20 19:58:21'),
(447, 86, 2, 5257, '2015-11-20 19:58:22'),
(448, 86, 2, 3879, '2015-11-20 19:58:24'),
(449, 86, 1, 2115, '2015-11-20 19:58:26'),
(450, 86, 1, 3875, '2015-11-20 19:58:27'),
(451, 86, 1, 7027, '2015-11-20 19:58:27'),
(452, 86, 1, 3912, '2015-11-20 19:58:28'),
(453, 86, 1, 3194, '2015-11-20 19:58:29'),
(454, 86, 2, 2960, '2015-11-20 20:01:13'),
(455, 86, 2, 412, '2015-11-20 20:01:13'),
(456, 86, 2, 1573, '2015-11-20 20:01:14'),
(457, 86, 2, 2012, '2015-11-20 20:01:14'),
(458, 86, 2, 1763, '2015-11-20 20:01:15'),
(459, 86, 1, 1449, '2015-11-20 20:01:16'),
(460, 86, 1, 5504, '2015-11-20 20:01:17'),
(461, 86, 1, 2483, '2015-11-20 20:01:17'),
(462, 86, 1, 6651, '2015-11-20 20:01:18'),
(463, 86, 1, 2461, '2015-11-20 20:01:19'),
(464, 86, 3, 3073, '2015-11-20 20:01:19'),
(465, 86, 3, 5441, '2015-11-20 20:01:20'),
(466, 86, 3, 3608, '2015-11-20 20:01:21'),
(467, 86, 3, 3954, '2015-11-20 20:01:21'),
(468, 86, 3, 3768, '2015-11-20 20:01:22'),
(469, 90, 1, 2772, '2015-11-20 20:08:57'),
(470, 90, 1, 5447, '2015-11-20 20:08:58'),
(471, 90, 1, 3700, '2015-11-20 20:08:59'),
(472, 90, 1, 6586, '2015-11-20 20:09:00'),
(473, 90, 1, 546, '2015-11-20 20:09:01'),
(474, 90, 3, 2300, '2015-11-20 20:09:02'),
(475, 90, 3, 2829, '2015-11-20 20:09:03'),
(476, 90, 3, 5753, '2015-11-20 20:09:04'),
(477, 90, 3, 4295, '2015-11-20 20:09:05'),
(478, 90, 3, 2909, '2015-11-20 20:09:06'),
(479, 90, 2, 9452, '2015-11-20 20:09:23'),
(480, 90, 2, 12739, '2015-11-20 20:09:24'),
(481, 90, 2, 9179, '2015-11-20 20:09:25'),
(482, 90, 2, 11706, '2015-11-20 20:09:26'),
(483, 90, 2, 9989, '2015-11-20 20:09:26'),
(484, 90, 3, 5610, '2015-11-20 20:09:27'),
(485, 90, 3, 2707, '2015-11-20 20:09:28'),
(486, 90, 3, 4340, '2015-11-20 20:09:29'),
(487, 90, 3, 3300, '2015-11-20 20:09:29'),
(488, 90, 3, 4816, '2015-11-20 20:09:30'),
(489, 94, 1, 8567, '2015-11-20 20:10:35'),
(490, 94, 1, 3494, '2015-11-20 20:10:35'),
(491, 94, 1, 2821, '2015-11-20 20:10:36'),
(492, 94, 1, 6292, '2015-11-20 20:10:36'),
(493, 94, 1, 6625, '2015-11-20 20:10:37'),
(494, 94, 2, 3254, '2015-11-20 20:10:38'),
(495, 94, 2, 3663, '2015-11-20 20:10:39'),
(496, 94, 2, 2608, '2015-11-20 20:10:39'),
(497, 94, 2, 2990, '2015-11-20 20:10:40'),
(498, 94, 2, 3499, '2015-11-20 20:10:41'),
(499, 94, 3, 1810, '2015-11-20 20:10:46'),
(500, 94, 3, 5602, '2015-11-20 20:10:47'),
(501, 94, 3, 3796, '2015-11-20 20:10:47'),
(502, 94, 3, 3521, '2015-11-20 20:10:50'),
(503, 94, 3, 4661, '2015-11-20 20:10:50'),
(504, 94, 3, 4490, '2015-11-20 20:11:17'),
(505, 94, 3, 4907, '2015-11-20 20:11:17'),
(506, 94, 3, 2600, '2015-11-20 20:11:18'),
(507, 94, 3, 4186, '2015-11-20 20:11:19'),
(508, 94, 3, 4374, '2015-11-20 20:11:19'),
(509, 94, 1, 6636, '2015-11-20 20:11:20'),
(510, 94, 1, 2425, '2015-11-20 20:11:21'),
(511, 94, 1, 4721, '2015-11-20 20:11:21'),
(512, 94, 1, 7742, '2015-11-20 20:11:22'),
(513, 94, 1, 1888, '2015-11-20 20:11:23'),
(514, 94, 2, 3029, '2015-11-20 20:11:27'),
(515, 94, 2, 2630, '2015-11-20 20:11:27'),
(516, 94, 2, 4288, '2015-11-20 20:11:28'),
(517, 94, 2, 2654, '2015-11-20 20:11:28'),
(518, 94, 2, 2816, '2015-11-20 20:11:29'),
(519, 94, 1, 5971, '2015-11-20 20:20:46'),
(520, 94, 1, 2880, '2015-11-20 20:20:47'),
(521, 94, 1, 2560, '2015-11-20 20:20:48'),
(522, 94, 1, 6732, '2015-11-20 20:20:48'),
(523, 94, 1, 1015, '2015-11-20 20:20:49'),
(524, 94, 3, 2707, '2015-11-20 20:20:51'),
(525, 94, 3, 4339, '2015-11-20 20:20:52'),
(526, 94, 3, 4723, '2015-11-20 20:20:52'),
(527, 94, 3, 3003, '2015-11-20 20:20:53'),
(528, 94, 3, 5471, '2015-11-20 20:20:54'),
(529, 94, 2, 5534, '2015-11-20 20:20:58'),
(530, 94, 2, 1988, '2015-11-20 20:20:58'),
(531, 94, 2, 3826, '2015-11-20 20:20:59'),
(532, 94, 2, 3792, '2015-11-20 20:21:00'),
(533, 94, 2, 870, '2015-11-20 20:21:01'),
(534, 20, 3, 77, '2015-11-20 20:22:30'),
(535, 20, 3, 31, '2015-11-20 20:22:45'),
(536, 20, 1, 4797, '2015-11-20 20:22:52'),
(537, 20, 3, 4662, '2015-11-20 20:30:09'),
(538, 103, 1, 1206, '2015-11-20 20:31:46'),
(539, 103, 1, 6390, '2015-11-20 20:31:47'),
(540, 103, 1, 3550, '2015-11-20 20:31:47'),
(541, 103, 1, 5471, '2015-11-20 20:31:48'),
(542, 103, 1, 7125, '2015-11-20 20:31:48'),
(543, 103, 2, 751, '2015-11-20 20:31:56'),
(544, 103, 2, 973, '2015-11-20 20:32:00'),
(545, 103, 2, 1196, '2015-11-20 20:32:03'),
(546, 103, 2, 539, '2015-11-20 20:32:06'),
(547, 103, 2, 405, '2015-11-20 20:32:08'),
(548, 103, 3, 8, '2015-11-20 20:32:24'),
(549, 104, 2, 2669, '2015-11-21 02:16:28'),
(550, 104, 2, 474, '2015-11-21 02:16:35'),
(551, 104, 2, 3549, '2015-11-21 02:21:50'),
(552, 104, 2, 4666, '2015-11-21 02:21:51'),
(553, 104, 2, 1403, '2015-11-21 02:21:52'),
(554, 104, 1, 8024, '2015-11-23 18:15:10'),
(555, 104, 1, 775, '2015-11-23 18:15:11'),
(556, 104, 1, 5521, '2015-11-23 18:15:11'),
(557, 104, 1, 2242, '2015-11-23 18:15:12'),
(558, 104, 1, 7405, '2015-11-23 18:15:12');

--
-- Index pour les tables export√©es
--

--
-- Index pour la table `documents`
--
ALTER TABLE `documents`
  ADD PRIMARY KEY (`id_doc`);

--
-- Index pour la table `personnes`
--
ALTER TABLE `personnes`
  ADD PRIMARY KEY (`id_perso`);

--
-- Index pour la table `scores`
--
ALTER TABLE `scores`
  ADD PRIMARY KEY (`id_scores`),
  ADD KEY `fk_scores_personnes_idx` (`id_perso`),
  ADD KEY `fk_scores_documents1_idx` (`id_doc`);

--
-- AUTO_INCREMENT pour les tables export√©es
--

--
-- AUTO_INCREMENT pour la table `documents`
--
ALTER TABLE `documents`
  MODIFY `id_doc` int(11) NOT NULL AUTO_INCREMENT,AUTO_INCREMENT=4;
--
-- AUTO_INCREMENT pour la table `personnes`
--
ALTER TABLE `personnes`
  MODIFY `id_perso` int(11) NOT NULL AUTO_INCREMENT,AUTO_INCREMENT=109;
--
-- AUTO_INCREMENT pour la table `scores`
--
ALTER TABLE `scores`
  MODIFY `id_scores` int(11) NOT NULL AUTO_INCREMENT,AUTO_INCREMENT=559;
/*!40101 SET CHARACTER_SET_CLIENT=@OLD_CHARACTER_SET_CLIENT */;
/*!40101 SET CHARACTER_SET_RESULTS=@OLD_CHARACTER_SET_RESULTS */;
/*!40101 SET COLLATION_CONNECTION=@OLD_COLLATION_CONNECTION */;
