-- phpMyAdmin SQL Dump
-- version 4.4.3
-- http://www.phpmyadmin.net
--
-- Client :  localhost
-- G√©n√©r√© le :  Mar 17 Novembre 2015 √† 11:09
-- Version du serveur :  5.6.24
-- Version de PHP :  5.6.8

SET SQL_MODE = "NO_AUTO_VALUE_ON_ZERO";
SET time_zone = "+00:00";


/*!40101 SET @OLD_CHARACTER_SET_CLIENT=@@CHARACTER_SET_CLIENT */;
/*!40101 SET @OLD_CHARACTER_SET_RESULTS=@@CHARACTER_SET_RESULTS */;
/*!40101 SET @OLD_COLLATION_CONNECTION=@@COLLATION_CONNECTION */;
/*!40101 SET NAMES utf8 */;

--
-- Base de donn√©es :  `abdel1314`
--

-- --------------------------------------------------------

--
-- Structure de la table `documents`
--

CREATE TABLE IF NOT EXISTS `documents` (
  `id_doc` int(11) NOT NULL,
  `nom` varchar(255) DEFAULT NULL,
  `latlng` point DEFAULT NULL,
  `url` varchar(2048) DEFAULT NULL
) ENGINE=InnoDB AUTO_INCREMENT=4 DEFAULT CHARSET=latin1;

--
-- Contenu de la table `documents`
--

INSERT INTO `documents` (`id_doc`, `nom`, `latlng`, `url`) VALUES
(1, 'tour eiffel', '\0\0\0\0\0\0\0”.¶ôÓmH@Ú[t≤‘Z@', 'doc1.png'),
(2, 'libert√©', '\0\0\0\0\0\0\0—‰S9XD@,™4ŸÇR¿', 'doc3.png'),
(3, 'colosseum', '\0\0\0\0\0\0\0õ©æÛÒD@Ë›XP¸(@', 'doc2.png');

-- --------------------------------------------------------

--
-- Structure de la table `personnes`
--

CREATE TABLE IF NOT EXISTS `personnes` (
  `id_perso` int(11) NOT NULL,
  `nom` varchar(45) DEFAULT NULL
) ENGINE=InnoDB AUTO_INCREMENT=23 DEFAULT CHARSET=latin1;

--
-- Contenu de la table `personnes`
--

INSERT INTO `personnes` (`id_perso`, `nom`) VALUES
(1, 'abdel'),
(2, 'almahdi'),
(3, 'abdel1314'),
(4, 'abdel'),
(5, 'bouloujour'),
(6, 'anass'),
(7, 'anass'),
(8, 'abderrahmane'),
(9, 'abderrahmane'),
(10, 'abdel'),
(11, 'abdel'),
(12, 'abdel'),
(13, 'abdel'),
(14, 'abdel'),
(15, 'abdel'),
(16, 'abdel'),
(17, 'abdel'),
(18, 'abdel'),
(19, 'abdel'),
(20, 'abderrahmane'),
(21, 'abdel'),
(22, 'abderrahmane');

-- --------------------------------------------------------

--
-- Structure de la table `scores`
--

CREATE TABLE IF NOT EXISTS `scores` (
  `id_scores` int(11) NOT NULL,
  `id_perso` int(11) NOT NULL,
  `id_doc` int(11) NOT NULL,
  `distance` int(11) DEFAULT NULL,
  `maj` datetime DEFAULT NULL
) ENGINE=InnoDB AUTO_INCREMENT=135 DEFAULT CHARSET=latin1;

--
-- Contenu de la table `scores`
--

INSERT INTO `scores` (`id_scores`, `id_perso`, `id_doc`, `distance`, `maj`) VALUES
(1, 1, 1, 1, '2015-11-13 20:26:04'),
(2, 1, 1, 1, '2015-11-13 20:47:08'),
(3, 1, 1, 1, '2015-11-13 21:01:38'),
(4, 1, 1, 1, '2015-11-13 21:01:41'),
(5, 2, 2, 214786, '2015-11-13 21:11:57'),
(6, 2, 2, 240345, '2015-11-13 21:11:59'),
(7, 2, 2, 79796, '2015-11-13 21:12:01'),
(8, 2, 2, 243204, '2015-11-13 21:13:31'),
(9, 2, 2, 249620, '2015-11-13 21:13:33'),
(10, 2, 2, 110191, '2015-11-13 21:13:34'),
(11, 2, 2, 113311, '2015-11-13 21:13:37'),
(12, 2, 2, 445478, '2015-11-13 21:13:39'),
(13, 2, 2, 268732, '2015-11-13 21:13:40'),
(14, 2, 2, 348, '2015-11-13 21:14:54'),
(15, 2, 2, 390, '2015-11-13 21:14:56'),
(16, 2, 2, 339, '2015-11-13 21:14:57'),
(17, 2, 2, 155, '2015-11-13 21:14:58'),
(18, 2, 2, 291, '2015-11-13 21:14:59'),
(19, 2, 2, 104, '2015-11-13 21:15:42'),
(20, 2, 2, 227, '2015-11-13 21:15:43'),
(21, 2, 2, 220196, '2015-11-13 21:19:21'),
(22, 2, 2, 340268, '2015-11-13 21:19:22'),
(23, 2, 2, 360813, '2015-11-13 21:19:23'),
(24, 2, 2, 351120, '2015-11-13 21:19:43'),
(25, 2, 2, 259945, '2015-11-13 21:19:44'),
(26, 2, 2, 423216, '2015-11-13 21:19:44'),
(27, 2, 2, 186, '2015-11-13 21:21:30'),
(28, 2, 2, 171, '2015-11-13 21:21:32'),
(29, 2, 2, 125, '2015-11-13 21:21:35'),
(30, 2, 2, 457, '2015-11-13 21:21:36'),
(31, 2, 2, 195, '2015-11-13 21:21:39'),
(32, 2, 2, 221, '2015-11-13 21:23:48'),
(33, 2, 2, 229, '2015-11-13 21:23:51'),
(34, 2, 2, 180, '2015-11-13 21:23:53'),
(35, 2, 2, 113, '2015-11-13 21:23:55'),
(36, 2, 2, 202, '2015-11-13 21:23:56'),
(37, 2, 2, 225581, '2015-11-13 21:36:31'),
(38, 2, 2, 267109, '2015-11-13 21:36:33'),
(39, 2, 2, 194353, '2015-11-13 21:38:59'),
(40, 2, 2, 248440, '2015-11-13 21:39:00'),
(41, 2, 2, 225111, '2015-11-13 21:39:01'),
(42, 2, 2, 320280, '2015-11-13 21:39:01'),
(43, 2, 2, 288032, '2015-11-13 21:39:02'),
(44, 2, 2, 584331, '2015-11-13 21:39:02'),
(45, 2, 2, 2604, '2015-11-13 21:39:06'),
(46, 2, 2, 12257, '2015-11-13 21:39:10'),
(47, 2, 2, 153895, '2015-11-13 21:39:13'),
(48, 2, 2, 5814, '2015-11-13 21:39:14'),
(49, 2, 2, 11279, '2015-11-13 21:40:24'),
(50, 2, 2, 3885, '2015-11-13 21:40:26'),
(51, 2, 2, 1218940, '2015-11-13 21:51:00'),
(52, 2, 2, 498253, '2015-11-13 21:51:02'),
(53, 2, 2, 511088, '2015-11-13 21:51:03'),
(54, 2, 2, 220456, '2015-11-13 21:51:04'),
(55, 2, 2, 405522, '2015-11-13 21:51:05'),
(56, 2, 2, 128832, '2015-11-13 21:51:06'),
(57, 2, 2, 181233, '2015-11-13 21:51:07'),
(58, 2, 2, 270603, '2015-11-13 21:51:08'),
(59, 2, 2, 192575, '2015-11-13 21:51:09'),
(60, 2, 2, 147961, '2015-11-13 21:51:10'),
(61, 2, 2, 325028, '2015-11-13 21:51:10'),
(62, 2, 2, 262032, '2015-11-13 21:51:11'),
(63, 2, 2, 142461, '2015-11-13 21:51:12'),
(64, 2, 2, 106233, '2015-11-13 21:51:13'),
(65, 2, 2, 19041, '2015-11-13 21:51:14'),
(66, 2, 2, 35666, '2015-11-13 21:51:18'),
(67, 2, 2, 24108, '2015-11-13 21:51:21'),
(68, 2, 2, 10910, '2015-11-13 21:51:22'),
(69, 2, 2, 6490, '2015-11-13 21:51:24'),
(70, 2, 2, 115335, '2015-11-13 22:00:03'),
(71, 2, 2, 151134, '2015-11-13 22:00:04'),
(72, 2, 2, 4843, '2015-11-13 22:00:05'),
(73, 2, 2, 141172, '2015-11-15 13:56:01'),
(74, 2, 2, 219481, '2015-11-15 13:56:02'),
(75, 2, 2, 658, '2015-11-15 13:56:06'),
(76, 2, 2, 85649, '2015-11-15 15:15:27'),
(77, 2, 2, 185709, '2015-11-15 15:15:28'),
(78, 2, 2, 181957, '2015-11-15 15:15:29'),
(79, 2, 2, 763680, '2015-11-15 15:18:49'),
(80, 2, 2, 891462, '2015-11-16 14:48:41'),
(81, 2, 2, 898433, '2015-11-16 14:48:42'),
(82, 2, 2, 554757, '2015-11-16 14:50:59'),
(83, 2, 2, 1185943, '2015-11-16 14:51:11'),
(84, 2, 2, 187872, '2015-11-16 14:51:12'),
(85, 2, 2, 639831, '2015-11-16 14:51:13'),
(86, 2, 2, 722537, '2015-11-16 14:51:15'),
(87, 2, 2, 699096, '2015-11-16 14:51:16'),
(88, 2, 2, 661584, '2015-11-16 14:51:18'),
(89, 2, 2, 1373870, '2015-11-16 16:27:25'),
(90, 2, 2, 1375005, '2015-11-16 16:27:25'),
(91, 2, 2, 1375005, '2015-11-16 16:27:26'),
(92, 2, 2, 1375005, '2015-11-16 16:27:26'),
(93, 2, 2, 1375990, '2015-11-16 16:27:27'),
(94, 2, 2, 931479, '2015-11-16 16:32:14'),
(95, 2, 2, 116272, '2015-11-16 16:33:18'),
(96, 2, 2, 258064, '2015-11-16 16:33:19'),
(97, 2, 2, 322647, '2015-11-16 16:33:19'),
(98, 2, 2, 208297, '2015-11-16 16:33:21'),
(99, 2, 2, 186507, '2015-11-16 16:35:24'),
(100, 2, 2, 186507, '2015-11-16 16:35:25'),
(101, 2, 2, 186507, '2015-11-16 16:35:25'),
(102, 2, 2, 185832, '2015-11-16 16:35:26'),
(103, 2, 2, 185832, '2015-11-16 16:35:26'),
(104, 2, 2, 1625, '2015-11-16 16:35:30'),
(105, 2, 2, 140211, '2015-11-16 17:07:12'),
(106, 2, 2, 38142, '2015-11-16 17:07:12'),
(107, 2, 2, 161230, '2015-11-16 17:07:13'),
(108, 2, 2, 215473, '2015-11-16 17:07:19'),
(109, 2, 2, 219421, '2015-11-16 17:07:26'),
(110, 2, 2, 44608, '2015-11-16 23:32:05'),
(111, 2, 2, 143873, '2015-11-16 23:32:07'),
(112, 2, 2, 3745427, '2015-11-16 23:33:04'),
(113, 2, 2, 3745427, '2015-11-16 23:33:05'),
(114, 2, 2, 3745427, '2015-11-16 23:33:05'),
(115, 2, 2, 3812894, '2015-11-16 23:33:06'),
(116, 1, 1, 1, '2015-11-17 00:46:34'),
(117, 1, 1, 1, '2015-11-17 00:46:54'),
(118, 1, 1, 1, '2015-11-17 01:32:24'),
(119, 2, 2, 161695, '2015-11-17 02:35:42'),
(120, 2, 2, 5879760, '2015-11-17 02:48:47'),
(121, 1, 1, 1, '2015-11-17 03:16:37'),
(122, 1, 1, 1, '2015-11-17 03:16:41'),
(123, 1, 1, 1, '2015-11-17 03:19:32'),
(124, 1, 1, 1, '2015-11-17 03:20:37'),
(125, 1, 1, 1, '2015-11-17 03:20:40'),
(126, 1, 1, 1, '2015-11-17 03:20:52'),
(127, 1, 1, 1, '2015-11-17 03:20:56'),
(128, 1, 1, 1, '2015-11-17 03:21:33'),
(129, 1, 1, 1, '2015-11-17 03:24:14'),
(130, 1, 1, 1, '2015-11-17 03:24:32'),
(131, 1, 1, 1, '2015-11-17 09:58:37'),
(132, 1, 1, 1, '2015-11-17 09:58:39'),
(133, 1, 1, 1, '2015-11-17 09:58:40'),
(134, 2, 2, 90501, '2015-11-17 10:08:26');

--
-- Index pour les tables export√©es
--

--
-- Index pour la table `documents`
--
ALTER TABLE `documents`
  ADD PRIMARY KEY (`id_doc`);

--
-- Index pour la table `personnes`
--
ALTER TABLE `personnes`
  ADD PRIMARY KEY (`id_perso`);

--
-- Index pour la table `scores`
--
ALTER TABLE `scores`
  ADD PRIMARY KEY (`id_scores`),
  ADD KEY `fk_scores_personnes_idx` (`id_perso`),
  ADD KEY `fk_scores_documents1_idx` (`id_doc`);

--
-- AUTO_INCREMENT pour les tables export√©es
--

--
-- AUTO_INCREMENT pour la table `documents`
--
ALTER TABLE `documents`
  MODIFY `id_doc` int(11) NOT NULL AUTO_INCREMENT,AUTO_INCREMENT=4;
--
-- AUTO_INCREMENT pour la table `personnes`
--
ALTER TABLE `personnes`
  MODIFY `id_perso` int(11) NOT NULL AUTO_INCREMENT,AUTO_INCREMENT=23;
--
-- AUTO_INCREMENT pour la table `scores`
--
ALTER TABLE `scores`
  MODIFY `id_scores` int(11) NOT NULL AUTO_INCREMENT,AUTO_INCREMENT=135;
/*!40101 SET CHARACTER_SET_CLIENT=@OLD_CHARACTER_SET_CLIENT */;
/*!40101 SET CHARACTER_SET_RESULTS=@OLD_CHARACTER_SET_RESULTS */;
/*!40101 SET COLLATION_CONNECTION=@OLD_COLLATION_CONNECTION */;
